{"x_values": ["16|26", "16|38", "16|50", "16|62", "24|26", "24|38", "24|50", "24|62", "32|26", "32|38", "32|50", "32|62", "48|26", "48|38", "48|50", "48|62"], "sgl_train_time": [16.24, 18.94, 21.9, 24.83, 18.03, 21.7, 25.64, 28.39, 21.15, 26.93, 31.7, 36.81, 28.63, 36.27, 45.58, 54.92], "sgl_data_time": [1.62, 1.89, 2.19, 2.48, 1.8, 2.17, 2.56, 2.84, 2.11, 2.69, 3.17, 3.68, 2.86, 3.63, 4.56, 5.49], "esb_train_time": [[8.313793290932972, 11.11813071791331, 13.717086575667063, 16.513448468526203, 8.316050278345744, 11.292050511995951, 13.970572832743327, 16.77039462709427, 8.674352685292563, 11.831945061524708, 15.271820378144582, 18.53529590511322, 10.663784254868824, 14.832352333068847, 18.86363280280431, 23.04411829884847], [8.313793290932972, 11.11813071791331, 13.717086575667063, 16.513448468526203, 8.316050278345744, 11.292050511995951, 13.970572832743327, 16.77039462709427, 8.674352685292563, 11.831945061524708, 15.271820378144582, 18.53529590511322, 10.663784254868824, 14.832352333068847, 18.86363280280431, 23.04411829884847], [8.313793290932972, 11.11813071791331, 13.717086575667063, 16.513448468526203, 8.316050278345744, 11.292050511995951, 13.970572832743327, 16.77039462709427, 8.674352685292563, 11.831945061524708, 15.271820378144582, 18.53529590511322, 10.663784254868824, 14.832352333068847, 18.86363280280431, 23.04411829884847], [8.313793290932972, 11.11813071791331, 13.717086575667063, 16.513448468526203, 8.316050278345744, 11.292050511995951, 13.970572832743327, 16.77039462709427, 8.674352685292563, 11.831945061524708, 15.271820378144582, 18.53529590511322, 10.663784254868824, 14.832352333068847, 18.86363280280431, 23.04411829884847], [8.313793290932972, 11.11813071791331, 13.717086575667063, 16.513448468526203, 8.316050278345744, 11.292050511995951, 13.970572832743327, 16.77039462709427, 8.674352685292563, 11.831945061524708, 15.271820378144582, 18.53529590511322, 10.663784254868824, 14.832352333068847, 18.86363280280431, 23.04411829884847], [8.313793290932972, 11.11813071791331, 13.717086575667063, 16.513448468526203, 8.316050278345744, 11.292050511995951, 13.970572832743327, 16.77039462709427, 8.674352685292563, 11.831945061524708, 15.271820378144582, 18.53529590511322, 10.663784254868824, 14.832352333068847, 18.86363280280431, 23.04411829884847]], "esb_data_time": [4.99, 6.67, 8.23, 9.91, 4.99, 6.78, 8.38, 10.06, 5.2, 7.1, 9.16, 11.12, 6.4, 8.9, 11.32, 13.83]}