{"x_values": ["16|26", "16|38", "16|50", "16|62", "24|26", "24|38", "24|50", "24|62", "32|26", "32|38", "32|50", "32|62", "48|26", "48|38", "48|50", "48|62"], "sgl_train_time": [15.03, 18.84, 23.88, 24.56, 17.94, 23.0, 25.9, 28.98, 21.23, 27.4, 31.84, 36.53, 28.5, 36.05, 45.67, 55.36], "sgl_data_time": [1.5, 1.88, 2.39, 2.46, 1.79, 2.3, 2.59, 2.9, 2.12, 2.74, 3.18, 3.65, 2.85, 3.61, 4.57, 5.54], "esb_train_time": [[3.6652202895879746, 3.8940312856435777, 4.498426920652389, 3.8952412011623383, 4.459624670028687, 4.935383925199509, 4.4667881779670715, 4.469304505348205, 5.7304401912689205, 5.260404341101647, 5.1969606388807295, 5.199530002117157, 7.241514708757401, 7.220528497815132, 7.289625510334969, 7.3203788893222805], [3.6652202895879746, 3.8940312856435777, 4.498426920652389, 3.8952412011623383, 4.459624670028687, 4.935383925199509, 4.4667881779670715, 4.469304505348205, 5.7304401912689205, 5.260404341101647, 5.1969606388807295, 5.199530002117157, 7.241514708757401, 7.220528497815132, 7.289625510334969, 7.3203788893222805], [3.6652202895879746, 3.8940312856435777, 4.498426920652389, 3.8952412011623383, 4.459624670028687, 4.935383925199509, 4.4667881779670715, 4.469304505348205, 5.7304401912689205, 5.260404341101647, 5.1969606388807295, 5.199530002117157, 7.241514708757401, 7.220528497815132, 7.289625510334969, 7.3203788893222805], [3.6652202895879746, 3.8940312856435777, 4.498426920652389, 3.8952412011623383, 4.459624670028687, 4.935383925199509, 4.4667881779670715, 4.469304505348205, 5.7304401912689205, 5.260404341101647, 5.1969606388807295, 5.199530002117157, 7.241514708757401, 7.220528497815132, 7.289625510334969, 7.3203788893222805], [3.6652202895879746, 3.8940312856435777, 4.498426920652389, 3.8952412011623383, 4.459624670028687, 4.935383925199509, 4.4667881779670715, 4.469304505348205, 5.7304401912689205, 5.260404341101647, 5.1969606388807295, 5.199530002117157, 7.241514708757401, 7.220528497815132, 7.289625510334969, 7.3203788893222805], [3.6652202895879746, 3.8940312856435777, 4.498426920652389, 3.8952412011623383, 4.459624670028687, 4.935383925199509, 4.4667881779670715, 4.469304505348205, 5.7304401912689205, 5.260404341101647, 5.1969606388807295, 5.199530002117157, 7.241514708757401, 7.220528497815132, 7.289625510334969, 7.3203788893222805], [3.6652202895879746, 3.8940312856435777, 4.498426920652389, 3.8952412011623383, 4.459624670028687, 4.935383925199509, 4.4667881779670715, 4.469304505348205, 5.7304401912689205, 5.260404341101647, 5.1969606388807295, 5.199530002117157, 7.241514708757401, 7.220528497815132, 7.289625510334969, 7.3203788893222805], [3.6652202895879746, 3.8940312856435777, 4.498426920652389, 3.8952412011623383, 4.459624670028687, 4.935383925199509, 4.4667881779670715, 4.469304505348205, 5.7304401912689205, 5.260404341101647, 5.1969606388807295, 5.199530002117157, 7.241514708757401, 7.220528497815132, 7.289625510334969, 7.3203788893222805]], "esb_data_time": [2.93, 3.12, 3.6, 3.12, 3.57, 3.95, 3.57, 3.58, 4.58, 4.21, 4.16, 4.16, 5.79, 5.78, 5.83, 5.86]}