{"x_values": ["16|26", "16|38", "16|50", "16|62", "24|26", "24|38", "24|50", "24|62", "32|26", "32|38", "32|50", "32|62", "48|26", "48|38", "48|50", "48|62", "56|38", "56|50", "56|62"], "sgl_train_time": [15.12, 25.87, 27.51, 30.37, 17.45, 26.96, 29.63, 33.6, 21.1, 29.74, 33.77, 38.77, 28.08, 39.97, 46.37, 57.2, 43.31, 52.7, 65.03], "sgl_data_time": [1.51, 2.59, 2.75, 3.04, 1.75, 2.7, 2.96, 3.36, 2.11, 2.97, 3.38, 3.88, 2.81, 4.0, 4.64, 5.72, 4.33, 5.27, 6.5], "esb_train_time": [[10.679975524425506, 13.543937299370766, 16.355985893130303, 19.74295270240307, 8.824180159568787, 13.358473755240441, 16.464513359308242, 19.88328465652466, 9.79031107711792, 14.754547299742699, 18.269597824931143, 22.1832166287899, 12.278610713124275, 17.87231270682812, 22.125755344867706, 26.6577246696949, 20.16596055519581, 25.14819251358509, 30.60021417796612], [10.679975524425506, 13.543937299370766, 16.355985893130303, 19.74295270240307, 8.824180159568787, 13.358473755240441, 16.464513359308242, 19.88328465652466, 9.79031107711792, 14.754547299742699, 18.269597824931143, 22.1832166287899, 12.278610713124275, 17.87231270682812, 22.125755344867706, 26.6577246696949, 20.16596055519581, 25.14819251358509, 30.60021417796612], [10.679975524425506, 13.543937299370766, 16.355985893130303, 19.74295270240307, 8.824180159568787, 13.358473755240441, 16.464513359308242, 19.88328465652466, 9.79031107711792, 14.754547299742699, 18.269597824931143, 22.1832166287899, 12.278610713124275, 17.87231270682812, 22.125755344867706, 26.6577246696949, 20.16596055519581, 25.14819251358509, 30.60021417796612], [10.679975524425506, 13.543937299370766, 16.355985893130303, 19.74295270240307, 8.824180159568787, 13.358473755240441, 16.464513359308242, 19.88328465652466, 9.79031107711792, 14.754547299742699, 18.269597824931143, 22.1832166287899, 12.278610713124275, 17.87231270682812, 22.125755344867706, 26.6577246696949, 20.16596055519581, 25.14819251358509, 30.60021417796612]], "esb_data_time": [4.27, 5.42, 6.54, 7.9, 3.53, 5.34, 6.59, 7.95, 3.92, 5.9, 7.31, 8.87, 4.91, 7.15, 8.85, 10.66, 8.07, 10.06, 12.24]}