{"x_values": ["16|26", "16|38", "16|50", "16|62", "24|26", "24|38", "24|50", "24|62", "32|26", "32|38", "32|50", "32|62", "48|26", "48|38", "48|50", "48|62", "56|38", "56|50", "56|62"], "sgl_train_time": [15.12, 25.87, 27.51, 30.37, 17.45, 26.96, 29.63, 33.6, 21.1, 29.74, 33.77, 38.77, 28.08, 39.97, 46.37, 57.2, 43.31, 52.7, 65.03], "sgl_data_time": [1.51, 2.59, 2.75, 3.04, 1.75, 2.7, 2.96, 3.36, 2.11, 2.97, 3.38, 3.88, 2.81, 4.0, 4.64, 5.72, 4.33, 5.27, 6.5], "esb_train_time": [[4.8107462093830105, 6.803473365664482, 6.743121632575988, 7.046888292908669, 5.505480086684227, 7.272793918848038, 7.247466817855835, 7.61655390560627, 6.296979667067528, 8.045482127666473, 8.041870254158974, 8.41339855647087, 8.200900758862495, 9.867323430895805, 9.97184549164772, 9.932378821492195, 10.423561913490296, 10.379856808900833, 10.375208172798157], [4.8107462093830105, 6.803473365664482, 6.743121632575988, 7.046888292908669, 5.505480086684227, 7.272793918848038, 7.247466817855835, 7.61655390560627, 6.296979667067528, 8.045482127666473, 8.041870254158974, 8.41339855647087, 8.200900758862495, 9.867323430895805, 9.97184549164772, 9.932378821492195, 10.423561913490296, 10.379856808900833, 10.375208172798157], [4.8107462093830105, 6.803473365664482, 6.743121632575988, 7.046888292908669, 5.505480086684227, 7.272793918848038, 7.247466817855835, 7.61655390560627, 6.296979667067528, 8.045482127666473, 8.041870254158974, 8.41339855647087, 8.200900758862495, 9.867323430895805, 9.97184549164772, 9.932378821492195, 10.423561913490296, 10.379856808900833, 10.375208172798157], [4.8107462093830105, 6.803473365664482, 6.743121632575988, 7.046888292908669, 5.505480086684227, 7.272793918848038, 7.247466817855835, 7.61655390560627, 6.296979667067528, 8.045482127666473, 8.041870254158974, 8.41339855647087, 8.200900758862495, 9.867323430895805, 9.97184549164772, 9.932378821492195, 10.423561913490296, 10.379856808900833, 10.375208172798157]], "esb_data_time": [1.92, 2.72, 2.7, 2.82, 2.2, 2.91, 2.9, 3.05, 2.52, 3.22, 3.22, 3.37, 3.28, 3.95, 3.99, 3.97, 4.17, 4.15, 4.15]}