{"x_values": ["16|26", "16|38", "16|50", "16|62", "24|26", "24|38", "24|50", "24|62", "32|26", "32|38", "32|50", "32|62", "48|26", "48|38", "48|50", "48|62"], "sgl_train_time": [17.73, 18.84, 21.49, 24.63, 18.43, 21.88, 25.96, 29.02, 21.26, 27.27, 31.78, 37.95, 28.63, 36.16, 44.89, 55.66], "sgl_data_time": [1.77, 1.88, 2.15, 2.46, 1.84, 2.19, 2.6, 2.9, 2.13, 2.73, 3.18, 3.79, 2.86, 3.62, 4.49, 5.57], "esb_train_time": [[5.899613791465759, 5.139730256319046, 6.853581402778626, 6.92543585062027, 5.830173493862152, 5.67547631764412, 7.99923478937149, 7.963880221128464, 6.426091262102127, 6.413486900806427, 9.43453198504448, 10.33047211933136, 8.40440527510643, 8.391109123945236, 13.420375998020171, 14.198365623474121], [5.899613791465759, 5.139730256319046, 6.853581402778626, 6.92543585062027, 5.830173493862152, 5.67547631764412, 7.99923478937149, 7.963880221128464, 6.426091262102127, 6.413486900806427, 9.43453198504448, 10.33047211933136, 8.40440527510643, 8.391109123945236, 13.420375998020171, 14.198365623474121], [5.899613791465759, 5.139730256319046, 6.853581402778626, 6.92543585062027, 5.830173493862152, 5.67547631764412, 7.99923478937149, 7.963880221128464, 6.426091262102127, 6.413486900806427, 9.43453198504448, 10.33047211933136, 8.40440527510643, 8.391109123945236, 13.420375998020171, 14.198365623474121], [5.899613791465759, 5.139730256319046, 6.853581402778626, 6.92543585062027, 5.830173493862152, 5.67547631764412, 7.99923478937149, 7.963880221128464, 6.426091262102127, 6.413486900806427, 9.43453198504448, 10.33047211933136, 8.40440527510643, 8.391109123945236, 13.420375998020171, 14.198365623474121]], "esb_data_time": [2.36, 2.06, 2.74, 2.77, 2.33, 2.27, 3.2, 3.19, 2.57, 2.57, 3.77, 4.13, 3.36, 3.36, 5.37, 5.68]}