{"x_values": ["16|26", "16|38", "16|50", "16|62", "24|26", "24|38", "24|50", "24|62", "32|26", "32|38", "32|50", "32|62", "48|26", "48|38", "48|50", "48|62"], "sgl_train_time": [17.73, 18.84, 21.49, 24.63, 18.43, 21.88, 25.96, 29.02, 21.26, 27.27, 31.78, 37.95, 28.63, 36.16, 44.89, 55.66], "sgl_data_time": [1.77, 1.88, 2.15, 2.46, 1.84, 2.19, 2.6, 2.9, 2.13, 2.73, 3.18, 3.79, 2.86, 3.62, 4.49, 5.57], "esb_train_time": [[8.8496175801754, 12.090607498884202, 15.502135581493377, 18.738217782497404, 9.430580041885376, 13.099539427518845, 16.969648745298386, 20.166049437999725, 11.442898401975631, 15.1277208070755, 18.36614529156685, 25.824348032712937, 13.159132869958878, 18.33117467427254, 23.0000967502594, 27.71246479845047], [8.8496175801754, 12.090607498884202, 15.502135581493377, 18.738217782497404, 9.430580041885376, 13.099539427518845, 16.969648745298386, 20.166049437999725, 11.442898401975631, 15.1277208070755, 18.36614529156685, 25.824348032712937, 13.159132869958878, 18.33117467427254, 23.0000967502594, 27.71246479845047], [8.8496175801754, 12.090607498884202, 15.502135581493377, 18.738217782497404, 9.430580041885376, 13.099539427518845, 16.969648745298386, 20.166049437999725, 11.442898401975631, 15.1277208070755, 18.36614529156685, 25.824348032712937, 13.159132869958878, 18.33117467427254, 23.0000967502594, 27.71246479845047], [8.8496175801754, 12.090607498884202, 15.502135581493377, 18.738217782497404, 9.430580041885376, 13.099539427518845, 16.969648745298386, 20.166049437999725, 11.442898401975631, 15.1277208070755, 18.36614529156685, 25.824348032712937, 13.159132869958878, 18.33117467427254, 23.0000967502594, 27.71246479845047]], "esb_data_time": [3.54, 4.84, 6.2, 7.5, 3.77, 5.24, 6.79, 8.07, 4.58, 6.05, 7.35, 10.33, 5.26, 7.33, 9.2, 11.08]}