{"x_values": ["16|26", "16|38", "16|50", "16|62", "24|26", "24|38", "24|50", "24|62", "32|26", "32|38", "32|50", "32|62", "48|26", "48|38", "48|50", "48|62"], "sgl_train_time": [16.24, 18.94, 21.9, 24.83, 18.03, 21.7, 25.64, 28.39, 21.15, 26.93, 31.7, 36.81, 28.63, 36.27, 45.58, 54.92], "sgl_data_time": [1.62, 1.89, 2.19, 2.48, 1.8, 2.17, 2.56, 2.84, 2.11, 2.69, 3.17, 3.68, 2.86, 3.63, 4.56, 5.49], "esb_train_time": [[4.339461759885152, 4.324754842758179, 4.343036714235942, 4.371751193364461, 4.8927298412323, 4.835999476114909, 4.816569294452667, 4.726259798208873, 5.566523599306742, 5.574254358132681, 5.551000049591065, 5.620731225013732, 7.66521356344223, 7.666824649016063, 8.170130740642547, 7.718508307456971], [4.339461759885152, 4.324754842758179, 4.343036714235942, 4.371751193364461, 4.8927298412323, 4.835999476114909, 4.816569294452667, 4.726259798208873, 5.566523599306742, 5.574254358132681, 5.551000049591065, 5.620731225013732, 7.66521356344223, 7.666824649016063, 8.170130740642547, 7.718508307456971], [4.339461759885152, 4.324754842758179, 4.343036714235942, 4.371751193364461, 4.8927298412323, 4.835999476114909, 4.816569294452667, 4.726259798208873, 5.566523599306742, 5.574254358132681, 5.551000049591065, 5.620731225013732, 7.66521356344223, 7.666824649016063, 8.170130740642547, 7.718508307456971], [4.339461759885152, 4.324754842758179, 4.343036714235942, 4.371751193364461, 4.8927298412323, 4.835999476114909, 4.816569294452667, 4.726259798208873, 5.566523599306742, 5.574254358132681, 5.551000049591065, 5.620731225013732, 7.66521356344223, 7.666824649016063, 8.170130740642547, 7.718508307456971], [4.339461759885152, 4.324754842758179, 4.343036714235942, 4.371751193364461, 4.8927298412323, 4.835999476114909, 4.816569294452667, 4.726259798208873, 5.566523599306742, 5.574254358132681, 5.551000049591065, 5.620731225013732, 7.66521356344223, 7.666824649016063, 8.170130740642547, 7.718508307456971], [4.339461759885152, 4.324754842758179, 4.343036714235942, 4.371751193364461, 4.8927298412323, 4.835999476114909, 4.816569294452667, 4.726259798208873, 5.566523599306742, 5.574254358132681, 5.551000049591065, 5.620731225013732, 7.66521356344223, 7.666824649016063, 8.170130740642547, 7.718508307456971]], "esb_data_time": [2.6, 2.59, 2.61, 2.62, 2.94, 2.9, 2.89, 2.84, 3.34, 3.34, 3.33, 3.37, 4.6, 4.6, 4.9, 4.63]}