{"x_values": ["16|26", "16|38", "16|50", "16|62", "24|26", "24|38", "24|50", "24|62", "32|26", "32|38", "32|50", "32|62", "48|26", "48|38", "48|50", "48|62"], "sgl_train_time": [15.03, 18.84, 23.88, 24.56, 17.94, 23.0, 25.9, 28.98, 21.23, 27.4, 31.84, 36.53, 28.5, 36.05, 45.67, 55.36], "sgl_data_time": [1.5, 1.88, 2.39, 2.46, 1.79, 2.3, 2.59, 2.9, 2.12, 2.74, 3.18, 3.65, 2.85, 3.61, 4.57, 5.54], "esb_train_time": [[7.469245599627495, 10.49267194890976, 13.469435148835181, 16.121600740790367, 8.00266436779499, 11.091831368803978, 14.005033601522445, 16.942833304286005, 7.973959105253219, 11.002980724096298, 13.904625570416451, 16.900915137529374, 10.183316073536872, 12.292355640292168, 15.968862270355224, 19.52853044831753], [7.469245599627495, 10.49267194890976, 13.469435148835181, 16.121600740790367, 8.00266436779499, 11.091831368803978, 14.005033601522445, 16.942833304286005, 7.973959105253219, 11.002980724096298, 13.904625570416451, 16.900915137529374, 10.183316073536872, 12.292355640292168, 15.968862270355224, 19.52853044831753], [7.469245599627495, 10.49267194890976, 13.469435148835181, 16.121600740790367, 8.00266436779499, 11.091831368803978, 14.005033601522445, 16.942833304286005, 7.973959105253219, 11.002980724096298, 13.904625570416451, 16.900915137529374, 10.183316073536872, 12.292355640292168, 15.968862270355224, 19.52853044831753], [7.469245599627495, 10.49267194890976, 13.469435148835181, 16.121600740790367, 8.00266436779499, 11.091831368803978, 14.005033601522445, 16.942833304286005, 7.973959105253219, 11.002980724096298, 13.904625570416451, 16.900915137529374, 10.183316073536872, 12.292355640292168, 15.968862270355224, 19.52853044831753], [7.469245599627495, 10.49267194890976, 13.469435148835181, 16.121600740790367, 8.00266436779499, 11.091831368803978, 14.005033601522445, 16.942833304286005, 7.973959105253219, 11.002980724096298, 13.904625570416451, 16.900915137529374, 10.183316073536872, 12.292355640292168, 15.968862270355224, 19.52853044831753], [7.469245599627495, 10.49267194890976, 13.469435148835181, 16.121600740790367, 8.00266436779499, 11.091831368803978, 14.005033601522445, 16.942833304286005, 7.973959105253219, 11.002980724096298, 13.904625570416451, 16.900915137529374, 10.183316073536872, 12.292355640292168, 15.968862270355224, 19.52853044831753], [7.469245599627495, 10.49267194890976, 13.469435148835181, 16.121600740790367, 8.00266436779499, 11.091831368803978, 14.005033601522445, 16.942833304286005, 7.973959105253219, 11.002980724096298, 13.904625570416451, 16.900915137529374, 10.183316073536872, 12.292355640292168, 15.968862270355224, 19.52853044831753], [7.469245599627495, 10.49267194890976, 13.469435148835181, 16.121600740790367, 8.00266436779499, 11.091831368803978, 14.005033601522445, 16.942833304286005, 7.973959105253219, 11.002980724096298, 13.904625570416451, 16.900915137529374, 10.183316073536872, 12.292355640292168, 15.968862270355224, 19.52853044831753]], "esb_data_time": [5.98, 8.39, 10.78, 12.9, 6.4, 8.87, 11.2, 13.55, 6.38, 8.8, 11.12, 13.52, 8.15, 9.83, 12.78, 15.62]}