{"x_values": ["128|32", "128|40", "128|48", "128|64", "32|32", "32|40", "32|48", "32|64", "64|32", "64|40", "64|48", "64|64", "96|32", "96|40", "96|48", "96|64"], "sgl_train_time": [16.91, 19.06, 19.52, 22.41, 13.97, 12.63, 13.34, 15.24, 14.58, 17.19, 16.73, 18.92, 16.36, 19.03, 20.38, 24.23], "sgl_data_time": [1.69, 1.91, 1.95, 2.24, 1.4, 1.26, 1.33, 1.52, 1.46, 1.72, 1.67, 1.89, 1.64, 1.9, 2.04, 2.42], "esb_train_time": [[8.8734240899086, 10.31942191696167, 11.672805227518081, 14.530500149250031, 6.612871604681015, 7.6779573187828065, 8.839202426671982, 11.344412060260773, 6.994740985393524, 8.543596541881561, 9.590171737194062, 11.668751435041427, 7.495642269849777, 8.866461597919464, 9.733909076452255, 12.281125875234604], [8.8734240899086, 10.31942191696167, 11.672805227518081, 14.530500149250031, 6.612871604681015, 7.6779573187828065, 8.839202426671982, 11.344412060260773, 6.994740985393524, 8.543596541881561, 9.590171737194062, 11.668751435041427, 7.495642269849777, 8.866461597919464, 9.733909076452255, 12.281125875234604], [8.8734240899086, 10.31942191696167, 11.672805227518081, 14.530500149250031, 6.612871604681015, 7.6779573187828065, 8.839202426671982, 11.344412060260773, 6.994740985393524, 8.543596541881561, 9.590171737194062, 11.668751435041427, 7.495642269849777, 8.866461597919464, 9.733909076452255, 12.281125875234604], [8.8734240899086, 10.31942191696167, 11.672805227518081, 14.530500149250031, 6.612871604681015, 7.6779573187828065, 8.839202426671982, 11.344412060260773, 6.994740985393524, 8.543596541881561, 9.590171737194062, 11.668751435041427, 7.495642269849777, 8.866461597919464, 9.733909076452255, 12.281125875234604]], "esb_data_time": [3.55, 4.13, 4.67, 5.81, 2.65, 3.07, 3.54, 4.54, 2.8, 3.42, 3.84, 4.67, 3.0, 3.55, 3.89, 4.91]}