{"x_values": ["128|32", "128|40", "128|48", "128|64", "32|32", "32|40", "32|48", "32|64", "64|32", "64|40", "64|48", "64|64", "96|32", "96|40", "96|48", "96|64"], "sgl_train_time": [16.91, 19.06, 19.52, 22.41, 13.97, 12.63, 13.34, 15.24, 14.58, 17.19, 16.73, 18.92, 16.36, 19.03, 20.38, 24.23], "sgl_data_time": [1.69, 1.91, 1.95, 2.24, 1.4, 1.26, 1.33, 1.52, 1.46, 1.72, 1.67, 1.89, 1.64, 1.9, 2.04, 2.42], "esb_train_time": [[5.600924162149429, 6.3864821424484255, 6.434819450855255, 7.523893846750259, 3.8310021760463715, 3.5996982498168943, 3.847934525728226, 4.396172565460205, 4.468337168693543, 5.373431194543839, 5.11934876704216, 5.769988918542862, 5.2109678828716275, 6.195497453689575, 6.390505089759826, 7.448790638446808], [5.600924162149429, 6.3864821424484255, 6.434819450855255, 7.523893846750259, 3.8310021760463715, 3.5996982498168943, 3.847934525728226, 4.396172565460205, 4.468337168693543, 5.373431194543839, 5.11934876704216, 5.769988918542862, 5.2109678828716275, 6.195497453689575, 6.390505089759826, 7.448790638446808], [5.600924162149429, 6.3864821424484255, 6.434819450855255, 7.523893846750259, 3.8310021760463715, 3.5996982498168943, 3.847934525728226, 4.396172565460205, 4.468337168693543, 5.373431194543839, 5.11934876704216, 5.769988918542862, 5.2109678828716275, 6.195497453689575, 6.390505089759826, 7.448790638446808], [5.600924162149429, 6.3864821424484255, 6.434819450855255, 7.523893846750259, 3.8310021760463715, 3.5996982498168943, 3.847934525728226, 4.396172565460205, 4.468337168693543, 5.373431194543839, 5.11934876704216, 5.769988918542862, 5.2109678828716275, 6.195497453689575, 6.390505089759826, 7.448790638446808]], "esb_data_time": [2.24, 2.55, 2.57, 3.01, 1.53, 1.44, 1.54, 1.76, 1.79, 2.15, 2.05, 2.31, 2.08, 2.48, 2.56, 2.98]}