{"x_values": ["12|28", "12|52", "12|58", "4|28", "4|52", "4|58", "8|28", "8|52", "8|58"], "sgl_train_time": [117.94, 224.87, 252.02, 32.99, 49.12, 54.64, 64.93, 116.74, 129.46], "sgl_data_time": [11.79, 22.49, 25.2, 3.3, 4.91, 5.46, 6.49, 11.67, 12.95], "esb_train_time": [[41.47065933585167, 78.2917021933198, 87.74215208172798, 17.37348192602396, 30.02994363218546, 33.47894702255726, 24.62892437815666, 44.64625031888485, 49.57580611288547], [41.47065933585167, 78.2917021933198, 87.74215208172798, 17.37348192602396, 30.02994363218546, 33.47894702255726, 24.62892437815666, 44.64625031888485, 49.57580611288547], [41.47065933585167, 78.2917021933198, 87.74215208172798, 17.37348192602396, 30.02994363218546, 33.47894702255726, 24.62892437815666, 44.64625031888485, 49.57580611288547], [41.47065933585167, 78.2917021933198, 87.74215208172798, 17.37348192602396, 30.02994363218546, 33.47894702255726, 24.62892437815666, 44.64625031888485, 49.57580611288547]], "esb_data_time": [16.59, 31.32, 35.1, 6.95, 12.01, 13.39, 9.85, 17.86, 19.83]}