{"x_values": ["12|28", "12|52", "12|58", "4|28", "4|52", "4|58", "8|28", "8|52", "8|58"], "sgl_train_time": [117.94, 224.87, 252.02, 32.99, 49.12, 54.64, 64.93, 116.74, 129.46], "sgl_data_time": [11.79, 22.49, 25.2, 3.3, 4.91, 5.46, 6.49, 11.67, 12.95], "esb_train_time": [[31.355591172575952, 58.53600573211909, 58.427932087481025, 11.198043721914292, 15.541696280241013, 15.885906365215778, 18.321955435574054, 31.383900829553603, 31.356498676240445], [31.355591172575952, 58.53600573211909, 58.427932087481025, 11.198043721914292, 15.541696280241013, 15.885906365215778, 18.321955435574054, 31.383900829553603, 31.356498676240445], [31.355591172575952, 58.53600573211909, 58.427932087481025, 11.198043721914292, 15.541696280241013, 15.885906365215778, 18.321955435574054, 31.383900829553603, 31.356498676240445], [31.355591172575952, 58.53600573211909, 58.427932087481025, 11.198043721914292, 15.541696280241013, 15.885906365215778, 18.321955435574054, 31.383900829553603, 31.356498676240445]], "esb_data_time": [12.54, 23.41, 23.37, 4.48, 6.22, 6.35, 7.33, 12.55, 12.54]}